,tipo,lat,lon,name,address,size,Distrito,count_rel
0,college,40.4270218,-3.7017956,Colegio Marín Amat,NO STREET 9999,1,Madrid,0.08972536859181418
1,college,40.4107469,-3.7129528,Centro de enseñanza Afuera II,NO STREET 9999,1,Madrid,0.08972536859181418
2,college,40.4259867,-3.6985632,Torval'l Formación,NO STREET 9999,1,Madrid,0.08972536859181418
3,college,40.4341776,-3.7175148,Centro de Estudios Díaz-Balaguer,NO STREET 9999,1,Madrid,0.08972536859181418
4,college,40.4219785,-3.7091246,Instituto Vox,NO STREET 9999,1,Madrid,0.08972536859181418
5,college,40.4232128,-3.7100844,Quick,NO STREET 9999,1,Madrid,0.08972536859181418
6,college,40.4143134,-3.7012985,Centro de enseñanza Afuera I,NO STREET 9999,1,Madrid,0.08972536859181418
7,college,40.4157649,-3.7091042,Centro Teide II,NO STREET 9999,1,Madrid,0.08972536859181418
8,college,40.4271234,-3.6699409,"Organización Profesional Española, Opesa",NO STREET 9999,1,Madrid,0.08972536859181418
9,college,40.4298593,-3.6712953,C.Est.Profes.Advos.y Lingüísticos (Cepal),NO STREET 9999,1,Madrid,0.08972536859181418
10,college,40.4148943,-3.7035557,Centro de Formación Técnica,NO STREET 9999,1,Madrid,0.08972536859181418
11,college,40.4271337,-3.6862022,Institución Artística de Enseñanza (IADE),Calle de Claudio Coello 48,1,Madrid,0.08972536859181418
12,college,40.4456104,-3.706672,Centro de enseñanza CENEC,NO STREET 9999,1,Madrid,0.08972536859181418
13,college,40.4482889,-3.707176,Esc.Técnica de Enseñanzas Especializadas,NO STREET 9999,1,Madrid,0.08972536859181418
14,college,40.4370892,-3.6720933,CES Escuela Superior de Imagen y Sonido,NO STREET 9999,1,Madrid,0.08972536859181418
15,college,40.4284363,-3.6852236,Escuela Superior de Secretarias,NO STREET 9999,1,Madrid,0.08972536859181418
16,college,40.4259239,-3.698625,Torval'l Formación,NO STREET 9999,1,Madrid,0.08972536859181418
17,college,40.4533223,-3.7187131,CEU-Instituto Superior de Estudios Profesionales,NO STREET 9999,1,Madrid,0.08972536859181418
18,college,40.403064,-3.6735361,Serinter,NO STREET 9999,1,Madrid,0.08972536859181418
19,college,40.4373652,-3.7154613,Centro de Estudios del Vídeo (CEV),NO STREET 9999,1,Madrid,0.08972536859181418
20,college,40.4222168,-3.7141346,Centro de Estudios Turísticos Ábaco,NO STREET 9999,1,Madrid,0.08972536859181418
21,college,40.4606143,-3.6741176,St. Anne´s School,NO STREET 9999,1,Madrid,0.08972536859181418
22,college,40.4219683,-3.7091222,Instituto Vox (FP),NO STREET 9999,1,Madrid,0.08972536859181418
23,college,40.4443713,-3.6724917,CESUR Madrid,NO STREET 9999,1,Madrid,0.08972536859181418
24,college,40.4324967,-3.6736978,Escuela Europea de Ayudantes de Dirección,NO STREET 9999,1,Madrid,0.08972536859181418
25,college,40.4333387,-3.6852449,Centro de Formación Comercial de Repsol YPF,NO STREET 9999,1,Madrid,0.08972536859181418
26,college,40.4303726,-3.6723617,San Román Escuela de Estudios Superiores,NO STREET 9999,1,Madrid,0.08972536859181418
27,college,40.4475668,-3.6728483,Centro CEPAL 2,NO STREET 9999,1,Madrid,0.08972536859181418
28,college,40.4220517,-3.6906886,Instituto Superior de Derecho y Economía,NO STREET 9999,1,Madrid,0.08972536859181418
29,college,40.4216656,-3.7072674,IED Madrid,Calle de la Flor Alta 8,1,Madrid,0.08972536859181418
30,college,40.4228962,-3.7070523,IDEM,Calle de la Luna 19,1,Madrid,0.08972536859181418
31,college,40.4224079,-3.7061228,Laocoonte,Calle de la Luna 20,1,Madrid,0.08972536859181418
32,college,40.4270717,-3.6728627,Centro de Estudios Adams,Calle de Ayala 130,1,Madrid,0.08972536859181418
33,college,40.4202423,-3.7086547,Alliance Française,Cuesta de Santo Domingo 13,1,Madrid,0.08972536859181418
34,college,40.426167,-3.7073135,Come mai?,Calle de San Vicente Ferrer 64,1,Madrid,0.08972536859181418
35,college,40.4251346,-3.7051043,MacLuque School of English,Calle del Tesoro 14,1,Madrid,0.08972536859181418
36,college,40.4236895,-3.7028536,devorador.es,Calle de El Escorial 3,1,Madrid,0.08972536859181418
37,college,40.4278637,-3.7075402,ACYM,Calle de San Dimas 15,1,Madrid,0.08972536859181418
38,college,40.4302083,-3.7077568,Círculo de Baile,Plaza del Conde del Valle Suchil 3,1,Madrid,0.08972536859181418
39,college,40.425965,-3.7055374,Quattrocento,Calle de San Vicente Ferrer 48,1,Madrid,0.08972536859181418
40,college,40.4077392,-3.71104,Isa Escuela de Diseño y Moda,Calle de Toledo 119,1,Madrid,0.08972536859181418
41,college,40.4266157,-3.7191973,Hanban,Paseo del Pintor Rosales 26,1,Madrid,0.08972536859181418
42,college,40.4214693,-3.7034944,Kitchen Club,Calle de la Ballesta 8,1,Madrid,0.08972536859181418
43,college,40.421763,-3.7137542,trazos_,Cuesta de San Vicente 4,1,Madrid,0.08972536859181418
44,college,40.4023653,-3.6986708,IMF Business School,NO STREET 9999,1,Madrid,0.08972536859181418
45,college,40.4598502,-3.6856642,DeRose Method Madrid,NO STREET 9999,1,Madrid,0.08972536859181418
46,college,40.4489396,-3.7086177,Escuela infantil Guaderia Bollitos,doctor federico rubio y gali 9999,1,Madrid,0.08972536859181418
47,college,40.4317009,-3.6921969,Instituto Coordenadas de Gobernanza y Economía Aplicada,Calle de Almagro 25,1,Madrid,0.08972536859181418
48,college,40.4224217,-3.7069605,Academía Accede,Calle de la Estrella 20,1,Madrid,0.08972536859181418
49,school,40.4055413,-3.6914671,Colegio Público Menéndez y Pelayo,NO STREET 9999,1,Madrid,0.08972536859181418
50,school,40.4021177,-3.7031018,Colegio Público San Eugenio y San Isidro,NO STREET 9999,1,Madrid,0.08972536859181418
51,school,40.4423626,-3.6871913,Colegio Público Ramiro de Maeztu,NO STREET 9999,1,Madrid,0.08972536859181418
52,school,40.4262288,-3.7134168,Colegio Madres Concepcionistas,Calle de la Princesa 19,1,Madrid,0.08972536859181418
53,school,40.4620328,-3.6987685,Colegio Pablo VI,Calle de Bravo Murillo 297,1,Madrid,0.08972536859181418
54,school,40.4507065,-3.7032159,Colegio San Antonio,Calle de Bravo Murillo 150,1,Madrid,0.08972536859181418
55,school,40.4369171,-3.705329,Colegio Público San Cristóbal,NO STREET 9999,1,Madrid,0.08972536859181418
56,school,40.4189343,-3.6779728,Colegio Público Ntra. Sra. de la Almudena,NO STREET 9999,1,Madrid,0.08972536859181418
57,school,40.4486555,-3.6831055,Colegio Hispano Alemán,NO STREET 9999,1,Madrid,0.08972536859181418
58,school,40.4306484,-3.6760155,Colegio Calasancio-Ntra.Sra.de las Escuelas Pías,NO STREET 9999,1,Madrid,0.08972536859181418
59,school,40.4325726,-3.6711536,Colegio Natividad de Nuestra Señora,NO STREET 8,1,Madrid,0.08972536859181418
60,school,40.4215066,-3.7021039,Colegio de las Madres Mercedarias de Don Juan de Alarcón,NO STREET 9999,1,Madrid,0.08972536859181418
61,school,40.4024192,-3.7236947,Colegio San Alberto Magno,NO STREET 9999,1,Madrid,0.08972536859181418
62,school,40.4457699,-3.685059,Colegio Británico Maxwell School,NO STREET 9999,1,Madrid,0.08972536859181418
63,school,40.4458753,-3.6809785,Union-Chrétienne de Saint Chaumond (Franc.),NO STREET 9999,1,Madrid,0.08972536859181418
64,school,40.4205733,-3.7101674,I.E.S. Santa Teresa de Jesús,Calle Fomento 9,1,Madrid,0.08972536859181418
65,school,40.4224323,-3.7098461,Dario Estudio,NO STREET 9999,1,Madrid,0.08972536859181418
66,school,40.4298609,-3.7069054,Escuela Profesional Javeriana,NO STREET 9999,1,Madrid,0.08972536859181418
67,school,40.4410303,-3.7165381,Colegio Santa María de Yermo,NO STREET 9999,1,Madrid,0.08972536859181418
68,school,40.4284328,-3.7023644,Colegio González Cañadas,NO STREET 9999,1,Madrid,0.08972536859181418
69,school,40.4267633,-3.6943266,Academia J.E.A.,NO STREET 9999,1,Madrid,0.08972536859181418
70,school,40.4485677,-3.6827155,Centro Nuevo de Pedagogía,NO STREET 9999,1,Madrid,0.08972536859181418
71,school,40.4193002,-3.6700319,IES Escuela Técnico Profesional de la Salud,NO STREET 9999,1,Madrid,0.08972536859181418
72,school,40.4325989,-3.6759404,Circulo Ecca,NO STREET 9999,1,Madrid,0.08972536859181418
73,school,40.4115325,-3.7067618,Antiguo Centro de Estudios Sol,Calle del Duque de Alba 15,1,Madrid,0.08972536859181418
74,school,40.4428104,-3.6878857,Instituto de Educación Secundaria Ramiro de Maeztu,NO STREET 9999,1,Madrid,0.08972536859181418
75,school,40.441934,-3.6952191,Scuola Statale Italiana,NO STREET 9999,1,Madrid,0.08972536859181418
76,school,40.4456314,-3.6818229,"Escuela Al-Fateh Árabe Madrid(Libia,Al.Extr)",NO STREET 9999,1,Madrid,0.08972536859181418
77,school,40.4617099,-3.6768545,Willoughby College Macarena,NO STREET 9999,1,Madrid,0.08972536859181418
78,school,40.4111037,-3.6963686,Practivox,NO STREET 9999,1,Madrid,0.08972536859181418
79,school,40.4484635,-3.7105204,Escuela de Música Santa Cecilia,NO STREET 9999,1,Madrid,0.08972536859181418
80,school,40.4090312,-3.6945232,Real Conservatorio Superior de Música de Madrid,NO STREET 9999,1,Madrid,0.08972536859181418
81,school,40.440524,-3.7115228,E.O.I. de Madrid–Jesús Maestro,NO STREET 9999,1,Madrid,0.08972536859181418
82,school,40.449834,-3.7059121,Escuela de Música Diapasón,NO STREET 9999,1,Madrid,0.08972536859181418
83,school,40.4310041,-3.7179055,Progreso Musical,NO STREET 9999,1,Madrid,0.08972536859181418
84,school,40.4429004,-3.6736262,Antigua Escuela de Música Salan,NO STREET 9999,1,Madrid,0.08972536859181418
85,school,40.419323,-3.6713004,CPEE Hospital Gregorio Marañón,NO STREET 9999,1,Madrid,0.08972536859181418
86,school,40.412213,-3.707299,Escuela de Arte de Madrid N.3,NO STREET 9999,1,Madrid,0.08972536859181418
87,school,40.4170421,-3.6954101,Escuela de Arte de Madrid N.2,NO STREET 9999,1,Madrid,0.08972536859181418
88,school,40.4289701,-3.6698896,Musical Silvela,NO STREET 9999,1,Madrid,0.08972536859181418
89,school,40.4249909,-3.7090304,Conservatorio Profesional de Música,NO STREET 9999,1,Madrid,0.08972536859181418
90,school,40.4492044,-3.6809525,Enseñanza Musical Katarina Gurska,NO STREET 9999,1,Madrid,0.08972536859181418
91,school,40.4264795,-3.6717062,Musical Marisa,NO STREET 9999,1,Madrid,0.08972536859181418
92,school,40.4063842,-3.6742291,Centro de enseñanzas musicales Ayensa,NO STREET 9999,1,Madrid,0.08972536859181418
93,school,40.4349752,-3.7186348,Escuela de Adultos de Moncloa,NO STREET 9999,1,Madrid,0.08972536859181418
94,school,40.4068951,-3.6929957,Escuela de Música Intermezzo,NO STREET 9999,1,Madrid,0.08972536859181418
95,school,40.4421204,-3.6951889,Scuola Materna Italiana,NO STREET 9999,1,Madrid,0.08972536859181418
96,school,40.462233,-3.6986217,Conservatorio Profesional de Música Joaquín Turina,Calle de Ceuta 8,1,Madrid,0.08972536859181418
97,school,40.4354795,-3.6974754,Centro de Estudios Financieros,Calle de Viriato 52,1,Madrid,0.08972536859181418
98,school,40.4018515,-3.6987654,Conf.Past.Helad.Repost.Pl.Coci.Comun.Ma.,NO STREET 9999,1,Madrid,0.08972536859181418
99,school,40.424745,-3.7146664,CEPA Moncloa,NO STREET 9999,1,Madrid,0.08972536859181418
100,school,40.4006138,-3.6960556,CEPA Arganzuela,NO STREET 9999,1,Madrid,0.08972536859181418
101,school,40.4263547,-3.7045344,Escuela de Música Creativa,NO STREET 9999,1,Madrid,0.08972536859181418
102,school,40.4604702,-3.6741631,St. Anne´s School (Británico),NO STREET 9999,1,Madrid,0.08972536859181418
103,school,40.4262692,-3.7044672,Escuela de Música Creativa -C.Estudios Profesionales,NO STREET 9999,1,Madrid,0.08972536859181418
104,school,40.4287645,-3.7070715,Escuela de Música Soto Mesa,NO STREET 9999,1,Madrid,0.08972536859181418
105,school,40.4526203,-3.7054931,The Dance Factory,NO STREET 9999,1,Madrid,0.08972536859181418
106,school,40.4277342,-3.698531,Centro de estudios Acua,NO STREET 9999,1,Madrid,0.08972536859181418
107,school,40.452279,-3.6817504,Colegio de EE Hospital Infantil San Rafael,NO STREET 9999,1,Madrid,0.08972536859181418
108,school,40.4277773,-3.7009655,VíaFormación,NO STREET 9999,1,Madrid,0.08972536859181418
109,school,40.4303866,-3.7186888,Vicente Aleixandre,NO STREET 9999,1,Madrid,0.08972536859181418
110,school,40.4055933,-3.6937054,Centro de Estudios Delicias,NO STREET 9999,1,Madrid,0.08972536859181418
111,school,40.4004619,-3.6887802,NO NAME,NO STREET 9999,1,Madrid,0.08972536859181418
112,school,40.427113,-3.6974625,Radio Ecca,NO STREET 9999,1,Madrid,0.08972536859181418
113,school,40.4420363,-3.6760244,Escuela Popular de Prosperidad,NO STREET 9999,1,Madrid,0.08972536859181418
114,school,40.4162061,-3.6957416,Escuela de música Maese Pedro,NO STREET 9999,1,Madrid,0.08972536859181418
115,school,40.4407041,-3.6825417,"Escuela Superior de Informática, Márketing y Negocios I&M",NO STREET 9999,1,Madrid,0.08972536859181418
116,school,40.4649618,-3.6691398,King's Infant School,NO STREET 9999,1,Madrid,0.08972536859181418
117,school,40.4387272,-3.6739855,Centro De Enseñanzas Superiores De Diseño De Interiores De Madrid,NO STREET 9999,1,Madrid,0.08972536859181418
118,school,40.4257837,-3.6843834,Antigua academia Ntm Madrid,NO STREET 9999,1,Madrid,0.08972536859181418
119,school,40.432352,-3.7006545,Escuela Popular de Música y Danza Olavide,NO STREET 9999,1,Madrid,0.08972536859181418
120,school,40.4389716,-3.7088318,E.E. Alteraciones Graves Desarrollo,NO STREET 9999,1,Madrid,0.08972536859181418
121,school,40.4056984,-3.6927478,Escuela Municipal de Música Almudena Cano,NO STREET 9999,1,Madrid,0.08972536859181418
122,school,40.4280353,-3.7147403,C.A.P. De Madrid-Centro,NO STREET 9999,1,Madrid,0.08972536859181418
123,school,40.4507522,-3.6971009,Equipo General Moncloa-Chamberí,NO STREET 9999,1,Madrid,0.08972536859181418
124,school,40.4337612,-3.6898898,Equipo General Centro-Arganzuela,NO STREET 9999,1,Madrid,0.08972536859181418
125,school,40.4286944,-3.701625,Master-D,NO STREET 9999,1,Madrid,0.08972536859181418
126,school,40.4295617,-3.6913728,Goethe Institut,Calle de Zurbarán 21,1,Madrid,0.08972536859181418
127,school,40.4652857,-3.696557,IberEnglish School of English,Calle del Mundillo 3,1,Madrid,0.08972536859181418
128,school,40.4155317,-3.6738887,Booklane,Plaza del Doctor Laguna 1,1,Madrid,0.08972536859181418
129,school,40.4351966,-3.71675,inventadero,Calle de Hilarión Eslava 9999,1,Madrid,0.08972536859181418
130,school,40.4571271,-3.7107194,Escuela municipal de música Manuel Vázquez Montalbán,NO STREET 9999,1,Madrid,0.08972536859181418
131,school,40.4010532,-3.7085377,Kids & Us,NO STREET 9999,1,Madrid,0.08972536859181418
132,school,40.4376079,-3.6787502,EF (Education First),Calle de María de Molina 41,1,Madrid,0.08972536859181418
133,school,40.437903,-3.682586,IE Business School,Calle de María de Molina 31,1,Madrid,0.08972536859181418
134,school,40.4039055,-3.6765605,Auler Profesores Particulares,Calle de Abtao 7,1,Madrid,0.08972536859181418
135,school,40.4213408,-3.6890012,Escuela TAI,Calle de Recoletos 22,1,Madrid,0.08972536859181418
136,school,40.422601,-3.7118847,Cambridge Institute,Plaza de España 6,1,Madrid,0.08972536859181418
137,school,40.4315664,-3.7197213,Speak to me,Calle de Martín de los Heros 78,1,Madrid,0.08972536859181418
138,school,40.4277614,-3.6994509,Escuela municipal de arte dramático,NO STREET 9999,1,Madrid,0.08972536859181418
139,school,40.426217,-3.7123422,Don Quijote,Calle del Duque de Liria 6,1,Madrid,0.08972536859181418
140,school,40.424513,-3.7074822,Escuela de Relaciones Laborales,Calle de San Bernardo 49,1,Madrid,0.08972536859181418
141,school,40.4383793,-3.7112447,The Green Monkey; Cursos de idiomas en el Extranjero,Calle de Blasco de Garay 67,1,Madrid,0.08972536859181418
142,school,40.4570461,-3.6713609,Cayena,NO STREET 9999,1,Madrid,0.08972536859181418
143,school,40.4632672,-3.692619,Text and Line,NO STREET 9999,1,Madrid,0.08972536859181418
144,school,40.4465699,-3.714879,Artes Escénicas caraB,Calle del Conde de la Cimera 4,1,Madrid,0.08972536859181418
145,school,40.4334615,-3.6763774,Cice,NO STREET 9999,1,Madrid,0.08972536859181418
146,school,40.4295388,-3.7105049,Enforex,Calle de Baltasar Gracián 4,1,Madrid,0.08972536859181418
147,school,40.443868,-3.6836118,EAE,NO STREET 9999,1,Madrid,0.08972536859181418
148,school,40.4084958,-3.7005,UNED,Calle de Argumosa 3,1,Madrid,0.08972536859181418
149,school,40.4575753,-3.7054058,Escuela de cocina Chema de Isidro,NO STREET 9999,1,Madrid,0.08972536859181418
150,school,40.4329043,-3.7131801,Colegio San Antonio de Padua,NO STREET 9999,1,Madrid,0.08972536859181418
151,school,40.4376864,-3.7154308,Residencia Calasanz,NO STREET 9999,1,Madrid,0.08972536859181418
152,school,40.429471,-3.7041654,Centro de Estudios Náuticos Elcano,Calle de Carranza 14,1,Madrid,0.08972536859181418
153,school,40.4224518,-3.6782474,Kumon GOYA,Calle del Duque de Sesto 8,1,Madrid,0.08972536859181418
154,school,40.4428755,-3.67196,Acaya,Calle Constancia 39,1,Madrid,0.08972536859181418
155,school,40.417057,-3.6956879,TANDEM,Calle del Marqués de Cubas 8,1,Madrid,0.08972536859181418
156,school,40.4599655,-3.6944586,Spartancops,NO STREET 9999,1,Madrid,0.08972536859181418
157,school,40.4174158,-3.7068524,UNED Luis Vives,NO STREET 9999,1,Madrid,0.08972536859181418
158,school,40.4287158,-3.7015226,UNED Luis Vives,NO STREET 9999,1,Madrid,0.08972536859181418
159,school,40.4024997,-3.7040545,Academia Robledo,Calle de Moratines 22,1,Madrid,0.08972536859181418
160,shop,40.4471184,-3.7119678,Dia,Calle de Juan Montalvo 21,1,Madrid,0.08972536859181418
161,shop,40.4110206,-3.6947372,Chinos,NO STREET 9999,1,Madrid,0.08972536859181418
162,shop,40.4129105,-3.6953446,Dia,Calle Huertas 9999,1,Madrid,0.08972536859181418
163,shop,40.4028283,-3.696878,Mercadona,NO STREET 9999,1,Madrid,0.08972536859181418
164,shop,40.4045317,-3.6956538,Super-mor,NO STREET 9999,1,Madrid,0.08972536859181418
165,shop,40.4037012,-3.7078934,Ahorramás,NO STREET 9999,1,Madrid,0.08972536859181418
166,shop,40.433327,-3.6751848,Dia,NO STREET 9999,1,Madrid,0.08972536859181418
167,shop,40.4547104,-3.6718806,La Plaza de DIA,NO STREET 9999,1,Madrid,0.08972536859181418
168,shop,40.4432275,-3.7139966,Supersol,NO STREET 9999,1,Madrid,0.08972536859181418
169,shop,40.4558202,-3.7003498,Mercadona,NO STREET 9999,1,Madrid,0.08972536859181418
170,shop,40.4488228,-3.6763271,Condis,NO STREET 9999,1,Madrid,0.08972536859181418
171,shop,40.4125936,-3.7045819,Lidl,Plaza de Tirso de Molina 16,1,Madrid,0.08972536859181418
172,shop,40.4083576,-3.7010047,Carrefour Market,Calle de Valencia 2,1,Madrid,0.08972536859181418
173,shop,40.4254372,-3.7145505,Dia,NO STREET 9999,1,Madrid,0.08972536859181418
174,shop,40.4204325,-3.6980433,Dia,NO STREET 9999,1,Madrid,0.08972536859181418
175,shop,40.4461712,-3.6708016,La Sirena,NO STREET 9999,1,Madrid,0.08972536859181418
176,shop,40.403152,-3.6930239,Lidl,NO STREET 9999,1,Madrid,0.08972536859181418
177,shop,40.4577232,-3.7017584,Supercor,NO STREET 9999,1,Madrid,0.08972536859181418
178,shop,40.4036977,-3.7083683,Carrefour Market,NO STREET 9999,1,Madrid,0.08972536859181418
179,shop,40.4046876,-3.7062622,Mercadona,NO STREET 9999,1,Madrid,0.08972536859181418
180,shop,40.4596891,-3.6961918,Caprabo,NO STREET 9999,1,Madrid,0.08972536859181418
181,shop,40.4337755,-3.6733457,La Plaza de DIA,NO STREET 9999,1,Madrid,0.08972536859181418
182,shop,40.4363439,-3.6759793,Dia,NO STREET 9999,1,Madrid,0.08972536859181418
183,shop,40.4447998,-3.6762732,Ahorra Más,NO STREET 9999,1,Madrid,0.08972536859181418
184,shop,40.434222,-3.6737037,Aldi,Calle de Francisco Silvela 48,1,Madrid,0.08972536859181418
185,shop,40.4304838,-3.7087762,Supercor,Calle de Vallehermoso 4,1,Madrid,0.08972536859181418
186,shop,40.4058129,-3.7079461,Dia,NO STREET 9999,1,Madrid,0.08972536859181418
187,shop,40.4122872,-3.7012279,Dia,NO STREET 9999,1,Madrid,0.08972536859181418
188,shop,40.4022712,-3.700676,Supermercado Hiper Usera,Calle de los Embajadores 100,1,Madrid,0.08972536859181418
189,shop,40.4039041,-3.7143945,Supermercado Eco-Mor,NO STREET 9999,1,Madrid,0.08972536859181418
190,shop,40.4042388,-3.7120734,Supercor,Calle de Toledo 143,1,Madrid,0.08972536859181418
191,shop,40.4220427,-3.69745,Supercor,NO STREET 9999,1,Madrid,0.08972536859181418
192,shop,40.433948,-3.6829667,Dia,Calle de Maldonado 9999,1,Madrid,0.08972536859181418
193,shop,40.4341178,-3.677797,La Plaza de DIA,Calle del General Pardiñas 96,1,Madrid,0.08972536859181418
194,shop,40.402624,-3.6793977,Dia,NO STREET 9999,1,Madrid,0.08972536859181418
195,shop,40.4299709,-3.6742163,Supersol,NO STREET 9999,1,Madrid,0.08972536859181418
196,shop,40.4317711,-3.7096533,Lidl,Calle de Rodríguez San Pedro 22,1,Madrid,0.08972536859181418
197,shop,40.4370092,-3.7099635,Lidl,Calle de Galileo 80,1,Madrid,0.08972536859181418
198,shop,40.4004807,-3.712361,Mercadona,NO STREET 9999,1,Madrid,0.08972536859181418
199,shop,40.4368215,-3.7143394,Dia Market,Calle de Andrés Mellado 61,1,Madrid,0.08972536859181418
200,shop,40.4033085,-3.7138339,Supermercado Montepinos,NO STREET 9999,1,Madrid,0.08972536859181418
201,shop,40.4433395,-3.7033083,Simply Market,Calle de Cristóbal Bordiú 9999,1,Madrid,0.08972536859181418
202,shop,40.4316302,-3.7108444,Robin&Co Food Market,NO STREET 9999,1,Madrid,0.08972536859181418
203,shop,40.424502,-3.7095008,Suma,Plaza del Conde de Toreno 2,1,Madrid,0.08972536859181418
204,shop,40.4556258,-3.6931389,Supersol,NO STREET 9999,1,Madrid,0.08972536859181418
205,shop,40.4570586,-3.7035106,Mercadona,Calle de Lope de Haro 20,1,Madrid,0.08972536859181418
206,shop,40.4543723,-3.6960623,Dia Market,NO STREET 9999,1,Madrid,0.08972536859181418
207,shop,40.4156986,-3.6755879,Dia,Calle del Doce de Octubre 20,1,Madrid,0.08972536859181418
208,shop,40.4159181,-3.6757313,Dia,Calle del Doce de Octubre 11,1,Madrid,0.08972536859181418
209,shop,40.4007842,-3.6978006,Mercadona,Calle del Ferrocarril 37,1,Madrid,0.08972536859181418
210,shop,40.4185005,-3.6773828,Dia,NO STREET 9999,1,Madrid,0.08972536859181418
211,shop,40.4654428,-3.7194698,Dia Market,Calle de Antonio Machado 23,1,Madrid,0.08972536859181418
212,shop,40.4473295,-3.7043713,Carrefour Market,Glorieta de Cuatro Caminos 4,1,Madrid,0.08972536859181418
213,shop,40.4554084,-3.706747,Dia,Calle de Pamplona 45,1,Madrid,0.08972536859181418
214,shop,40.4494119,-3.7106556,La Plaza de DIA,NO STREET 9999,1,Madrid,0.08972536859181418
215,shop,40.435552,-3.7066426,Dia,Calle de Escosura 16,1,Madrid,0.08972536859181418
216,shop,40.4522691,-3.7093894,Ahorramás,Calle de Jerónima Llorente 76,1,Madrid,0.08972536859181418
217,shop,40.4551626,-3.7037417,Dia Market,NO STREET 9999,1,Madrid,0.08972536859181418
218,shop,40.4047841,-3.7121749,La Despensa,Calle de Toledo 139,1,Madrid,0.08972536859181418
219,shop,40.4310548,-3.7156809,Aldi,Calle de Gaztambide 4,1,Madrid,0.08972536859181418
220,shop,40.444321,-3.6752546,El Sabroso,NO STREET 9999,1,Madrid,0.08972536859181418
221,shop,40.4226775,-3.6779599,Dia Market,NO STREET 9999,1,Madrid,0.08972536859181418
222,shop,40.4112162,-3.6949414,Tiyoweh ecotienda,NO STREET 9999,1,Madrid,0.08972536859181418
223,shop,40.455499,-3.6793124,Dia,NO STREET 9999,1,Madrid,0.08972536859181418
224,shop,40.4548409,-3.6805726,La Plaza de DIA,Plaza de Valparaíso 9999,1,Madrid,0.08972536859181418
225,shop,40.4090831,-3.676125,Mercadona,Plaza Reyes Magos 9999,1,Madrid,0.08972536859181418
226,shop,40.4203301,-3.7085914,Dia Market,NO STREET 9999,1,Madrid,0.08972536859181418
227,shop,40.4156102,-3.7012139,Suma,NO STREET 9999,1,Madrid,0.08972536859181418
228,shop,40.4207711,-3.7095424,Supermercado SANTO DOMINGO,NO STREET 9999,1,Madrid,0.08972536859181418
229,shop,40.4466859,-3.7102436,La Despensa,NO STREET 9999,1,Madrid,0.08972536859181418
230,shop,40.4032202,-3.6751672,Condis,Calle de Sánchez Barcáiztegui 10,1,Madrid,0.08972536859181418
231,shop,40.4041465,-3.6763836,Dia Market,Calle de Abtao 11,1,Madrid,0.08972536859181418
232,shop,40.4047294,-3.6728795,Dia Market,Calle de Cavanilles 47,1,Madrid,0.08972536859181418
233,shop,40.4072408,-3.6733251,Lidl,NO STREET 9999,1,Madrid,0.08972536859181418
234,shop,40.4371276,-3.7143185,La Sirena,NO STREET 9999,1,Madrid,0.08972536859181418
235,shop,40.400666,-3.692358,Condis,NO STREET 9999,1,Madrid,0.08972536859181418
236,shop,40.4096489,-3.6696264,La Plaza de DIA,NO STREET 9999,1,Madrid,0.08972536859181418
237,shop,40.4442141,-3.6718918,Condis,NO STREET 9999,1,Madrid,0.08972536859181418
238,shop,40.4265335,-3.7068578,Rotterdam,Calle de San Bernardo 63,1,Madrid,0.08972536859181418
239,shop,40.4569296,-3.6994251,Dia,Calle de San Germán 41,1,Madrid,0.08972536859181418
240,shop,40.4265656,-3.7036466,Dia,Calle de San Andrés 12,1,Madrid,0.08972536859181418
241,shop,40.4215515,-3.7050255,Carrefour,Calle de la Luna 4,1,Madrid,0.08972536859181418
242,shop,40.4351387,-3.7106616,Dia Market,Calle de Fernández de los Ríos 45,1,Madrid,0.08972536859181418
243,shop,40.4180846,-3.7084812,Suma,NO STREET 9999,1,Madrid,0.08972536859181418
244,shop,40.4282572,-3.7063972,Dia Market,Calle de San Bernardo 83,1,Madrid,0.08972536859181418
245,shop,40.4229448,-3.7032698,Dia Market,Corredera Baja de San Pablo 39,1,Madrid,0.08972536859181418
246,shop,40.4040547,-3.6807417,Condis,Avenida de la Ciudad de Barcelona 134,1,Madrid,0.08972536859181418
247,shop,40.4213347,-3.7216174,La Despensa,NO STREET 9999,1,Madrid,0.08972536859181418
248,shop,40.45874,-3.673473,Naturhouse,NO STREET 9999,1,Madrid,0.08972536859181418
249,shop,40.4595594,-3.6931672,Sánchez Romero,Calle Sor Ángela de la Cruz 10,1,Madrid,0.08972536859181418
250,shop,40.4567203,-3.7061754,La Lonja,NO STREET 9999,1,Madrid,0.08972536859181418
251,shop,40.4534419,-3.7032183,Casa Elías,NO STREET 9999,1,Madrid,0.08972536859181418
252,shop,40.4566103,-3.7084491,Alcampo,Calle de Francos Rodríguez 53,1,Madrid,0.08972536859181418
253,shop,40.4564563,-3.7079204,La Sirena,NO STREET 9999,1,Madrid,0.08972536859181418
254,shop,40.4108447,-3.7136495,Dia,NO STREET 9999,1,Madrid,0.08972536859181418
255,shop,40.4262303,-3.7152117,Supersol,NO STREET 9999,1,Madrid,0.08972536859181418
256,shop,40.461895,-3.7012386,Covirán,Calle del Marqués de Viana 35,1,Madrid,0.08972536859181418
257,shop,40.4096188,-3.6757617,Supercor,Calle de Amado Nervo 8,1,Madrid,0.08972536859181418
258,shop,40.433127,-3.7039703,Carrefour Market,Calle de Fuencarral 158-160,1,Madrid,0.08972536859181418
259,shop,40.402977,-3.6977066,Dia,NO STREET 9999,1,Madrid,0.08972536859181418
260,shop,40.4436564,-3.7038401,Lidl,Calle de Bravo Murillo 62,1,Madrid,0.08972536859181418
261,shop,40.4343313,-3.7045345,Mercadona,NO STREET 9999,1,Madrid,0.08972536859181418
262,shop,40.4374069,-3.6865052,AvatarBTC,Calle de Serrano 93,1,Madrid,0.08972536859181418
263,shop,40.4521071,-3.6867031,La Plaza de DIA,NO STREET 9999,1,Madrid,0.08972536859181418
264,shop,40.4061912,-3.6988754,Mercadona,NO STREET 9999,1,Madrid,0.08972536859181418
265,shop,40.4332125,-3.7166001,Simply Market,NO STREET 9999,1,Madrid,0.08972536859181418
266,shop,40.4042264,-3.6754823,Ahorramás,NO STREET 9999,1,Madrid,0.08972536859181418
267,shop,40.4255514,-3.7043993,Super Internacional,Calle del Espíritu Santo 9999,1,Madrid,0.08972536859181418
268,shop,40.4567533,-3.6925915,Open25,NO STREET 9999,1,Madrid,0.08972536859181418
269,shop,40.4573794,-3.6924109,Casa Elías,NO STREET 9999,1,Madrid,0.08972536859181418
270,shop,40.4414496,-3.6751175,Dia,NO STREET 9999,1,Madrid,0.08972536859181418
271,shop,40.4053473,-3.6787216,Lidl,Calle de Narciso Serra 15,1,Madrid,0.08972536859181418
272,shop,40.448391,-3.6782454,Caprabo,NO STREET 9999,1,Madrid,0.08972536859181418
273,shop,40.4250731,-3.6710166,Dia Market,NO STREET 9999,1,Madrid,0.08972536859181418
274,shop,40.4597869,-3.696503,La Sirena,NO STREET 9999,1,Madrid,0.08972536859181418
275,shop,40.4349496,-3.7145184,Ahorramás,NO STREET 9999,1,Madrid,0.08972536859181418
276,shop,40.4313045,-3.715664,Dia Market,NO STREET 9999,1,Madrid,0.08972536859181418
277,shop,40.4286509,-3.7085833,Dia,Calle de Santa Cruz de Marcenado 11,1,Madrid,0.08972536859181418
278,shop,40.4314768,-3.7080373,Dia Market,Calle de Rodríguez San Pedro 5,1,Madrid,0.08972536859181418
279,shop,40.4394535,-3.6982883,Condis,NO STREET 9999,1,Madrid,0.08972536859181418
280,shop,40.4396514,-3.698386,Dia Market,NO STREET 9999,1,Madrid,0.08972536859181418
281,shop,40.4034397,-3.6934301,Ahorramás,NO STREET 9999,1,Madrid,0.08972536859181418
282,shop,40.4316846,-3.6975151,Dia Market,NO STREET 9999,1,Madrid,0.08972536859181418
283,shop,40.4257867,-3.7091376,Udaco,NO STREET 9999,1,Madrid,0.08972536859181418
284,shop,40.4512333,-3.678536,Fass,NO STREET 9999,1,Madrid,0.08972536859181418
285,shop,40.4290987,-3.6986213,La Plaza,Calle de Manuel Silvela 9,1,Madrid,0.08972536859181418
286,shop,40.4540735,-3.6927016,Aldi,Calle del Poeta Joan Maragall 7,1,Madrid,0.08972536859181418
287,shop,40.4511088,-3.6779045,Dia Market,NO STREET 9999,1,Madrid,0.08972536859181418
288,shop,40.4267832,-3.7001518,Dia,Calle de Barceló 9,1,Madrid,0.08972536859181418
289,shop,40.4078312,-3.6974766,Ahorramás,NO STREET 9999,1,Madrid,0.08972536859181418
290,shop,40.4078483,-3.6975867,Dia,NO STREET 9999,1,Madrid,0.08972536859181418
291,shop,40.4213688,-3.6762202,La Plaza de DIA,NO STREET 9999,1,Madrid,0.08972536859181418
292,shop,40.4422544,-3.7035103,Carrefour,NO STREET 9999,1,Madrid,0.08972536859181418
293,shop,40.419015,-3.7092183,Dia,Calle de Campomanes 6,1,Madrid,0.08972536859181418
294,shop,40.4277291,-3.7179962,Dia&Go,NO STREET 9999,1,Madrid,0.08972536859181418
295,shop,40.4656809,-3.6948189,Galería de Alimentación,Calle de Simancas 3,1,Madrid,0.08972536859181418
296,shop,40.4057284,-3.6994297,Lidl,NO STREET 9999,1,Madrid,0.08972536859181418
297,shop,40.4546684,-3.707031,Ahorramás,Calle de Jerónima Llorente 36,1,Madrid,0.08972536859181418
298,shop,40.4567576,-3.6758414,NO NAME,NO STREET 9999,1,Madrid,0.08972536859181418
299,shop,40.4643866,-3.6819678,Supermercado La Paloma,Calle de Francisco Suárez 20,1,Madrid,0.08972536859181418
300,shop,40.4443706,-3.674282,Ahorramás,Calle de López de Hoyos 81,1,Madrid,0.08972536859181418
301,shop,40.4570198,-3.6862302,Supercor,NO STREET 9999,1,Madrid,0.08972536859181418
302,shop,40.4522754,-3.678976,La Plaza,NO STREET 9999,1,Madrid,0.08972536859181418
303,shop,40.433378,-3.717281,NO NAME,NO STREET 9999,1,Madrid,0.08972536859181418
304,shop,40.4429879,-3.6696602,Bon Area,NO STREET 9999,1,Madrid,0.08972536859181418
305,shop,40.4527717,-3.7083237,Hiper Usera,Calle de Jerónima Llorente 69,1,Madrid,0.08972536859181418
306,shop,40.4495895,-3.7096726,Dia,Calle Almansa 68,1,Madrid,0.08972536859181418
307,shop,40.4043018,-3.7130894,Dia Market,NO STREET 9999,1,Madrid,0.08972536859181418
308,shop,40.4188686,-3.6997464,Dia Market,NO STREET 9999,1,Madrid,0.08972536859181418
309,shop,40.4617833,-3.6888087,Sánchez Romero Supermercados,Paseo de la Castellana 196,1,Madrid,0.08972536859181418
310,shop,40.4169706,-3.6737047,Ahorramás,NO STREET 9999,1,Madrid,0.08972536859181418
311,shop,40.4335071,-3.6974516,Unide,Calle de Rafael Calvo 4,1,Madrid,0.08972536859181418
312,shop,40.4632499,-3.6965059,Lidl,Calle de Bravo Murillo 308,1,Madrid,0.08972536859181418
313,shop,40.4146533,-3.7053698,Suma,Calle de Atocha 9999,1,Madrid,0.08972536859181418
314,shop,40.4048423,-3.692178,Condis,NO STREET 9999,1,Madrid,0.08972536859181418
315,shop,40.4508247,-3.6976629,Dia,NO STREET 9999,1,Madrid,0.08972536859181418
316,shop,40.4334989,-3.7011461,Dia,NO STREET 9999,1,Madrid,0.08972536859181418
317,shop,40.4625344,-3.6857795,La Despensa,NO STREET 9999,1,Madrid,0.08972536859181418
318,shop,40.4359439,-3.7038479,Villa de Madrid,NO STREET 9999,1,Madrid,0.08972536859181418
319,shop,40.4233587,-3.707575,Dia,Calle de San Bernardo 35,1,Madrid,0.08972536859181418
320,shop,40.4631609,-3.6944495,Autoservicio Gama,Calle de Oñate 18,1,Madrid,0.08972536859181418
321,shop,40.4398831,-3.7065665,La Despensa,NO STREET 9999,1,Madrid,0.08972536859181418
322,shop,40.4605261,-3.6770792,La Plaza de DIA,NO STREET 9999,1,Madrid,0.08972536859181418
323,shop,40.4063528,-3.6728775,NO NAME,Calle de Sánchez Barcáiztegui 41,1,Madrid,0.08972536859181418
324,shop,40.4332674,-3.6982141,Covirán,NO STREET 9999,1,Madrid,0.08972536859181418
325,shop,40.4186109,-3.7082714,Dia,Costanilla de los Ángeles 6,1,Madrid,0.08972536859181418
326,shop,40.4640867,-3.6965164,Mercadona,NO STREET 9999,1,Madrid,0.08972536859181418
327,shop,40.4167427,-3.7107054,Dia,NO STREET 9999,1,Madrid,0.08972536859181418
328,shop,40.4281102,-3.6986375,Dia Market,Calle de Sagasta 18,1,Madrid,0.08972536859181418
329,shop,40.41579,-3.709689,Covirán,Calle Mayor 9999,1,Madrid,0.08972536859181418
330,shop,40.4370477,-3.7113872,Hiber,Calle de Blasco de Garay 59,1,Madrid,0.08972536859181418
331,shop,40.4116035,-3.7066014,Covirán,NO STREET 9999,1,Madrid,0.08972536859181418
332,shop,40.4125391,-3.702931,Ya,NO STREET 9999,1,Madrid,0.08972536859181418
333,shop,40.4388646,-3.713725,Supercor,Calle de Cea Bermúdez 49,1,Madrid,0.08972536859181418
334,shop,40.4064247,-3.672799,Supersol,NO STREET 9999,1,Madrid,0.08972536859181418
335,shop,40.4352887,-3.6919654,Mercadona,Paseo del General Martínez Campos 9999,1,Madrid,0.08972536859181418
336,shop,40.4340172,-3.6944901,Dia,Calle de Rafael Calvo 9999,1,Madrid,0.08972536859181418
337,shop,40.4383088,-3.6995769,Open 25,NO STREET 9999,1,Madrid,0.08972536859181418
338,shop,40.4351286,-3.7005504,Hiber,Calle de la Santisima Trinidad 9999,1,Madrid,0.08972536859181418
339,shop,40.4348782,-3.7055802,La Sirena,NO STREET 9999,1,Madrid,0.08972536859181418
340,shop,40.4560144,-3.6773103,Carrefour,Calle del Príncipe de Vergara 253,1,Madrid,0.08972536859181418
341,shop,40.441042,-3.6784438,Carrefour Market,Calle del Príncipe de Vergara 120,1,Madrid,0.08972536859181418
342,shop,40.4453007,-3.699261,La Plaza de DIA,Calle Maudes 23,1,Madrid,0.08972536859181418
343,shop,40.4338736,-3.6942686,Supersol,NO STREET 9999,1,Madrid,0.08972536859181418
344,shop,40.4440885,-3.675291,Lidl,NO STREET 9999,1,Madrid,0.08972536859181418
345,shop,40.4476284,-3.6971261,Froiz,NO STREET 9999,1,Madrid,0.08972536859181418
346,shop,40.4319875,-3.7231268,Trady's,Calle de Ferraz 75,1,Madrid,0.08972536859181418
347,shop,40.4315916,-3.7227389,Udaco,Calle de Ferraz 69,1,Madrid,0.08972536859181418
348,shop,40.4496839,-3.7014789,Dia Market,NO STREET 9999,1,Madrid,0.08972536859181418
349,shop,40.4095098,-3.6935056,Alimentación,NO STREET 9999,1,Madrid,0.08972536859181418
350,shop,40.4271953,-3.7181742,Casa Elías,Calle de Ferraz 50,1,Madrid,0.08972536859181418
351,shop,40.4255418,-3.7165643,NO NAME,NO STREET 30,1,Madrid,0.08972536859181418
352,shop,40.4066719,-3.7246693,La Plaza,Paseo de la Ermita del Santo 9999,1,Madrid,0.08972536859181418
353,shop,40.4049076,-3.6954078,Dia,NO STREET 9999,1,Madrid,0.08972536859181418
354,shop,40.4363269,-3.6850158,Dia,NO STREET 9999,1,Madrid,0.08972536859181418
355,shop,40.4219968,-3.699778,Oh! My Bio,Calle de Hortaleza 38,1,Madrid,0.08972536859181418
356,shop,40.4333428,-3.6703687,BM,NO STREET 9999,1,Madrid,0.08972536859181418
357,shop,40.4483509,-3.7013103,Dia,Calle de Hernani 21,1,Madrid,0.08972536859181418
358,shop,40.4021774,-3.6929753,Dia,NO STREET 9999,1,Madrid,0.08972536859181418
359,shop,40.4214657,-3.6787665,Bio C' Bon,NO STREET 9999,1,Madrid,0.08972536859181418
360,shop,40.458613,-3.7007912,Dia Market,NO STREET 9999,1,Madrid,0.08972536859181418
361,shop,40.4595111,-3.6724848,Mercadona,Calle de Guatemala 13,1,Madrid,0.08972536859181418
362,shop,40.4217756,-3.6972977,Veritas,Calle de la Libertad 24,1,Madrid,0.08972536859181418
363,shop,40.4239428,-3.6780412,Alcampo,NO STREET 9999,1,Madrid,0.08972536859181418
364,shop,40.4187835,-3.7093622,Dia,NO STREET 9999,1,Madrid,0.08972536859181418
365,shop,40.4306969,-3.7056095,Market & Go,Calle de San Bernardo 97-99,1,Madrid,0.08972536859181418
366,shop,40.4111485,-3.7196174,Dia,Calle de Juan Duque 9999,1,Madrid,0.08972536859181418
367,shop,40.4119737,-3.7193644,Eroski City,Calle de Juan Duque 23,1,Madrid,0.08972536859181418
368,shop,40.4260684,-3.6733995,Dealz,NO STREET 9999,1,Madrid,0.08972536859181418
369,shop,40.4322049,-3.6740912,Alcampo,Calle de Juan Bravo 58,1,Madrid,0.08972536859181418
370,shop,40.4079837,-3.6788431,Coma,NO STREET 9999,1,Madrid,0.08972536859181418
371,shop,40.4034583,-3.6765187,Clarel,NO STREET 9999,1,Madrid,0.08972536859181418
372,shop,40.4052022,-3.6805533,Dia,NO STREET 9999,1,Madrid,0.08972536859181418
373,shop,40.4068704,-3.6789678,La Sirena,NO STREET 9999,1,Madrid,0.08972536859181418
374,shop,40.426652,-3.6758253,Carrefour Market,Calle del Conde de Peñalver 17,1,Madrid,0.08972536859181418
375,shop,40.4427509,-3.713421,Supersol,NO STREET 9999,1,Madrid,0.08972536859181418
376,shop,40.4057994,-3.723315,Alimentacion,Avenida del Manzanares 9999,1,Madrid,0.08972536859181418
377,shop,40.4310364,-3.7187621,Dia,Calle de Altamirano 9999,1,Madrid,0.08972536859181418
378,shop,40.4116,-3.7210738,Bazar Chino,NO STREET 9999,1,Madrid,0.08972536859181418
379,shop,40.4119484,-3.7210458,El Mercadito,NO STREET 9999,1,Madrid,0.08972536859181418
380,shop,40.4612867,-3.6982727,PrimaPrix,Calle de Bravo Murillo 297,1,Madrid,0.08972536859181418
381,shop,40.4149038,-3.7049108,NO NAME,NO STREET 9999,1,Madrid,0.08972536859181418
382,shop,40.4112954,-3.7072427,NO NAME,NO STREET 9999,1,Madrid,0.08972536859181418
383,shop,40.4589356,-3.7112586,La Plaza de DIA,NO STREET 9999,1,Madrid,0.08972536859181418
384,shop,40.4578844,-3.7109715,Dia,NO STREET 9999,1,Madrid,0.08972536859181418
385,shop,40.4391923,-3.7100603,Supersol,NO STREET 9999,1,Madrid,0.08972536859181418
386,shop,40.4415398,-3.6713326,Hiber,NO STREET 9999,1,Madrid,0.08972536859181418
387,shop,40.4031815,-3.6788712,Supersol,NO STREET 9999,1,Madrid,0.08972536859181418
388,shop,40.4514981,-3.6820516,Supercor,Avenida de Concha Espina 197,1,Madrid,0.08972536859181418
389,shop,40.4653287,-3.699635,Dia Market,NO STREET 9999,1,Madrid,0.08972536859181418
390,shop,40.4162686,-3.7021962,Biocentro La Canela,Calle de Espoz y Mina 3,1,Madrid,0.08972536859181418
391,shop,40.4614899,-3.6937827,Alcampo,NO STREET 9999,1,Madrid,0.08972536859181418
392,shop,40.407696,-3.7037927,Supercoop,NO STREET 9999,1,Madrid,0.08972536859181418
393,shop,40.4126634,-3.7049309,Carrefour Market,NO STREET 9999,1,Madrid,0.08972536859181418
394,shop,40.4144974,-3.6943695,Vicens - Turrones artesanos,NO STREET 9999,1,Madrid,0.08972536859181418
395,shop,40.4572884,-3.6913828,Mercadona,Calle del Pintor Juan Gris 3,1,Madrid,0.08972536859181418
396,shop,40.4274152,-3.6728208,Mercadona,Calle de Ayala 89,1,Madrid,0.08972536859181418
397,shop,40.4232491,-3.6695642,Aldi,Calle de Jorge Juan 129,1,Madrid,0.08972536859181418
398,shop,40.4380212,-3.6844877,Supercor,NO STREET 9999,1,Madrid,0.08972536859181418
399,shop,40.4075306,-3.6970423,Asalto de mata,NO STREET 9999,1,Madrid,0.08972536859181418
400,shop,40.4630031,-3.675144,Alcampo,NO STREET 9999,1,Madrid,0.08972536859181418
401,shop,40.4099049,-3.6967171,Día Market,NO STREET 9999,1,Madrid,0.08972536859181418
402,shop,40.4250863,-3.7023642,Carrefour Express,NO STREET 9999,1,Madrid,0.08972536859181418
403,shop,40.4223488,-3.6861968,Carrefour Express,NO STREET 9999,1,Madrid,0.08972536859181418
404,shop,40.4653325,-3.6955813,Día,NO STREET 9999,1,Madrid,0.08972536859181418
405,shop,40.4044417,-3.7018264,La Verde Doncella,NO STREET 9999,1,Madrid,0.08972536859181418
406,shop,40.4191441,-3.7080701,Frutería,NO STREET 9999,1,Madrid,0.08972536859181418
407,shop,40.4108137,-3.7076222,Plaza Lavapiés,NO STREET 9999,1,Madrid,0.08972536859181418
408,shop,40.4370612,-3.7099599,¡Ay Madre! La Fruta,Calle de Galileo 82,1,Madrid,0.08972536859181418
409,shop,40.4289641,-3.7092753,Frutería San Miguel,Calle del Conde Duque 42,1,Madrid,0.08972536859181418
410,shop,40.4092951,-3.70183,NO NAME,NO STREET 9999,1,Madrid,0.08972536859181418
411,shop,40.4101768,-3.7023959,NO NAME,NO STREET 9999,1,Madrid,0.08972536859181418
412,shop,40.4109383,-3.7028415,NO NAME,NO STREET 9999,1,Madrid,0.08972536859181418
413,shop,40.4114307,-3.7029998,NO NAME,NO STREET 9999,1,Madrid,0.08972536859181418
414,shop,40.4160463,-3.674629,Hoy,Calle del Doce de Octubre 21,1,Madrid,0.08972536859181418
415,shop,40.4125695,-3.7042471,Don Fruta,NO STREET 9999,1,Madrid,0.08972536859181418
416,shop,40.4009775,-3.7085458,Fruotero,NO STREET 9999,1,Madrid,0.08972536859181418
417,shop,40.4041492,-3.6761029,Frutas & Verduras Hermanos Moreno Romero,NO STREET 9999,1,Madrid,0.08972536859181418
418,shop,40.4240854,-3.7063866,Dis Fruta,Calle del Pez 27,1,Madrid,0.08972536859181418
419,shop,40.4285642,-3.7062833,Ay Madre La Fruta,Calle de San Bernardo 87,1,Madrid,0.08972536859181418
420,shop,40.4571811,-3.7005314,Frutas y verduras Núñez Solís,NO STREET 9999,1,Madrid,0.08972536859181418
421,shop,40.4578025,-3.7114915,Cuatro Estaciones,NO STREET 9999,1,Madrid,0.08972536859181418
422,shop,40.4574163,-3.7122223,NO NAME,NO STREET 9999,1,Madrid,0.08972536859181418
423,shop,40.4567222,-3.7067382,NO NAME,NO STREET 9999,1,Madrid,0.08972536859181418
424,shop,40.4565223,-3.7065,Frutas y Verduras Ignacio,NO STREET 9999,1,Madrid,0.08972536859181418
425,shop,40.4597837,-3.7075654,Frutas y verduras Las Cuatro Estaciones,NO STREET 9999,1,Madrid,0.08972536859181418
426,shop,40.4584829,-3.7022377,Maxifruta,NO STREET 9999,1,Madrid,0.08972536859181418
427,shop,40.4593389,-3.6999251,Hnos. Delgado,Calle de Bravo Murillo ´257,1,Madrid,0.08972536859181418
428,shop,40.4606525,-3.7014718,Lojapan,Calle de la Hierbabuena 21,1,Madrid,0.08972536859181418
429,shop,40.4557598,-3.7044547,Don Naranja,NO STREET 9999,1,Madrid,0.08972536859181418
430,shop,40.4329713,-3.7047738,NO NAME,Calle de San Bernardo 121,1,Madrid,0.08972536859181418
431,shop,40.4336625,-3.6732243,Don Fruta,NO STREET 9999,1,Madrid,0.08972536859181418
432,shop,40.402858,-3.6757565,Frutas El Tomate,NO STREET 9999,1,Madrid,0.08972536859181418
433,shop,40.4030157,-3.6756365,Frutas Rosi,NO STREET 9999,1,Madrid,0.08972536859181418
434,shop,40.4269094,-3.7101854,NO NAME,Calle de Cristo 9999,1,Madrid,0.08972536859181418
435,shop,40.4029554,-3.6777079,Alimentación Frutas y Verduras,NO STREET 9999,1,Madrid,0.08972536859181418
436,shop,40.4344516,-3.7176076,NO NAME,NO STREET 9999,1,Madrid,0.08972536859181418
437,shop,40.4272611,-3.7080995,Frutería Acuerdo,Calle del Acuerdo 9999,1,Madrid,0.08972536859181418
438,shop,40.4430516,-3.6801419,Silvestre Frutería,NO STREET 9999,1,Madrid,0.08972536859181418
439,shop,40.4007679,-3.6975217,Don Fruta,NO STREET 9999,1,Madrid,0.08972536859181418
440,shop,40.4305761,-3.69706,La Antigua Burgalesa,NO STREET 9999,1,Madrid,0.08972536859181418
441,shop,40.4476264,-3.7106274,Macedonia,NO STREET 9999,1,Madrid,0.08972536859181418
442,shop,40.4259714,-3.7018529,Náufrago,Corredera Alta de San Pablo 25,1,Madrid,0.08972536859181418
443,shop,40.4363665,-3.7152905,Donde Cris,NO STREET 9999,1,Madrid,0.08972536859181418
444,shop,40.4364404,-3.6978411,Don Fruta,NO STREET 9999,1,Madrid,0.08972536859181418
445,shop,40.4256416,-3.7086466,NO NAME,Calle de Noviciado 9,1,Madrid,0.08972536859181418
446,shop,40.4251511,-3.7072631,Don Fruta,Calle de San Bernardo 54,1,Madrid,0.08972536859181418
447,shop,40.4002834,-3.6992087,Frutería Demary,Glorieta de Santa María de la Cabeza 9999,1,Madrid,0.08972536859181418
448,shop,40.4253515,-3.7034572,Frutería Andrea,Calle del Espíritu Santo 22,1,Madrid,0.08972536859181418
449,shop,40.446795,-3.6694234,Frudeca,NO STREET 9999,1,Madrid,0.08972536859181418
450,shop,40.4569526,-3.6758227,La Frutita,NO STREET 9999,1,Madrid,0.08972536859181418
451,shop,40.457175,-3.6721555,Muerdevida,NO STREET 9999,1,Madrid,0.08972536859181418
452,shop,40.4521191,-3.7091865,NO NAME,NO STREET 9999,1,Madrid,0.08972536859181418
453,shop,40.4343021,-3.7007551,Chamberí,NO STREET 9999,1,Madrid,0.08972536859181418
454,shop,40.4317796,-3.7111427,Hiperfruta,NO STREET 9999,1,Madrid,0.08972536859181418
455,shop,40.4643618,-3.6951309,Frutas Tarek,Calle de Bravo Murillo 332,1,Madrid,0.08972536859181418
456,shop,40.4630039,-3.6971355,casa elías,Calle de Bravo Murillo 311,1,Madrid,0.08972536859181418
457,shop,40.4453571,-3.6696723,Frutería Frudeca,NO STREET 9999,1,Madrid,0.08972536859181418
458,shop,40.4096112,-3.7060538,¡Ay Madre! La Fruta,NO STREET 9999,1,Madrid,0.08972536859181418
459,shop,40.4347954,-3.7036661,NO NAME,NO STREET 9999,1,Madrid,0.08972536859181418
460,shop,40.4055432,-3.6735099,Frutas y verduras Aneli,NO STREET 9999,1,Madrid,0.08972536859181418
461,shop,40.4464402,-3.7136614,NO NAME,NO STREET 9999,1,Madrid,0.08972536859181418
462,shop,40.4353465,-3.7115385,Don Fruta,NO STREET 9999,1,Madrid,0.08972536859181418
463,shop,40.4371461,-3.7128537,Fruterías Santiago,Calle de Guzmán el Bueno 62,1,Madrid,0.08972536859181418
464,shop,40.4650342,-3.6974445,Cuatro Estaciones,NO STREET 9999,1,Madrid,0.08972536859181418
465,shop,40.4351027,-3.7069657,Hermanos Delgado,NO STREET 9999,1,Madrid,0.08972536859181418
466,shop,40.4331639,-3.7159483,Frujuca,NO STREET 9999,1,Madrid,0.08972536859181418
467,shop,40.4437436,-3.6745039,Eloy y Aníbal,NO STREET 9999,1,Madrid,0.08972536859181418
468,shop,40.4359431,-3.6755514,Frutas y Verduras,NO STREET 9999,1,Madrid,0.08972536859181418
469,shop,40.4317218,-3.7228653,La Huerta del Rosal,Calle de Ferraz 71,1,Madrid,0.08972536859181418
470,shop,40.4303646,-3.7215479,Frutas y Verduras,Calle de Ferraz 59,1,Madrid,0.08972536859181418
471,shop,40.4263729,-3.7173676,Dhoy,Calle de Ferraz 40,1,Madrid,0.08972536859181418
472,shop,40.424921,-3.7158402,Frutas Rosita,Calle de Ferraz 22,1,Madrid,0.08972536859181418
473,shop,40.4220762,-3.6997283,Don Fruta,Calle de Hortaleza 40,1,Madrid,0.08972536859181418
474,shop,40.4354444,-3.7178995,Frutería ecológica Semilla Nativa,NO STREET 9999,1,Madrid,0.08972536859181418
475,shop,40.4334354,-3.7011208,Dhoy,Calle de Trafalgar 26,1,Madrid,0.08972536859181418
476,shop,40.4085034,-3.7107788,Frutería Toledo,Calle de Toledo 92,1,Madrid,0.08972536859181418
477,shop,40.4374436,-3.7029204,Ay Madre!,NO STREET 9999,1,Madrid,0.08972536859181418
478,shop,40.43389,-3.7064578,Don Fruta,Calle de Fernando el Católico 6,1,Madrid,0.08972536859181418
479,shop,40.46605,-3.7212008,NO NAME,NO STREET 9999,1,Madrid,0.08972536859181418
480,shop,40.4053935,-3.6773551,Frutas Eva,Calle de Valderribas 25,1,Madrid,0.08972536859181418
481,shop,40.407049,-3.6714583,Aqui La Fruta,NO STREET 9999,1,Madrid,0.08972536859181418
482,shop,40.4112605,-3.7193839,NO NAME,NO STREET 9999,1,Madrid,0.08972536859181418
483,shop,40.4663787,-3.719992,Frutería,NO STREET 9999,1,Madrid,0.08972536859181418
484,shop,40.4310138,-3.7188133,Frutería,Calle de Altamirano 9999,1,Madrid,0.08972536859181418
485,shop,40.4368068,-3.6987474,NO NAME,NO STREET 9999,1,Madrid,0.08972536859181418
486,shop,40.4366273,-3.6988271,NO NAME,NO STREET 9999,1,Madrid,0.08972536859181418
487,shop,40.4631529,-3.6712397,NO NAME,NO STREET 9999,1,Madrid,0.08972536859181418
488,shop,40.4467695,-3.7115822,NO NAME,NO STREET 9999,1,Madrid,0.08972536859181418
489,shop,40.4473321,-3.7107298,NO NAME,NO STREET 9999,1,Madrid,0.08972536859181418
490,shop,40.4384273,-3.6727616,Rica Fruit,NO STREET 9999,1,Madrid,0.08972536859181418
491,shop,40.4365205,-3.7140023,Frutería Jerónimo,"Calle Donoso Cortés, 78, Madrid 9999",1,Madrid,0.08972536859181418
492,shop,40.442027,-3.670398,Green Store,Calle de Alustante 6,1,Madrid,0.08972536859181418
493,shop,40.4165622,-3.6725795,Frutas Parra,NO STREET 9999,1,Madrid,0.08972536859181418
494,shop,40.4169967,-3.6741518,NO NAME,NO STREET 9999,1,Madrid,0.08972536859181418
495,shop,40.4055536,-3.6745556,Fruteriía Carolizzi,NO STREET 9999,1,Madrid,0.08972536859181418
496,shop,40.4079776,-3.7019462,NO NAME,NO STREET 9999,1,Madrid,0.08972536859181418
497,shop,40.4166977,-3.6761701,Sunectar - Frutas y Verduras,Calle de Narváez 9999,1,Madrid,0.08972536859181418
498,shop,40.4030651,-3.7029206,Dhoy + fruta,Calle de Moratines 13,1,Madrid,0.08972536859181418
499,clinic,40.4634507,-3.6967219,Centro de Especialidades José Marvá,Calle de Bravo Murillo 317,1,Madrid,0.08972536859181418
500,clinic,40.400785,-3.6745008,Centro de Salud Adelfas,Avenida de la Ciudad de Barcelona 190,1,Madrid,0.08972536859181418
501,clinic,40.4016643,-3.7144315,Centro de Salud Paseo Imperial,Calle de Toledo 180,1,Madrid,0.08972536859181418
502,clinic,40.4068044,-3.7127489,Centro de Salud Pontones,Ronda de Segovia 52,1,Madrid,0.08972536859181418
503,clinic,40.427828,-3.7172212,Centro de Salud Argüelles,Calle de Quintana 11,1,Madrid,0.08972536859181418
504,clinic,40.4312348,-3.7135908,Centro de Salud Guzmán el Bueno,Calle de Guzmán el Bueno 11,1,Madrid,0.08972536859181418
505,clinic,40.4164906,-3.6989912,Centro de Salud Las Cortes,NO STREET 9999,1,Madrid,0.08972536859181418
506,clinic,40.4623282,-3.6953969,Centro de Salud Bustarviejo,NO STREET 9999,1,Madrid,0.08972536859181418
507,clinic,40.4055241,-3.7101753,CMS Arganzuela,NO STREET 9999,1,Madrid,0.08972536859181418
508,clinic,40.4311082,-3.7067605,Leven,Plaza del Conde del Valle de Suchil 14,1,Madrid,0.08972536859181418
509,clinic,40.4079866,-3.6769916,Centro de Salud Pacífico,Calle Reyes Magos 21,1,Madrid,0.08972536859181418
510,clinic,40.4257079,-3.6887819,Dr Emilio Santos - Ginecología,Calle de Goya 7,1,Madrid,0.08972536859181418
511,clinic,40.4295088,-3.7092051,Centro Médico Conde Duque,Calle del Conde Duque 21,1,Madrid,0.08972536859181418
512,clinic,40.4265584,-3.7073497,Centro Salud Palma Norte,Calle de la Palma 59,1,Madrid,0.08972536859181418
513,clinic,40.4281266,-3.7064138,Coro Clínica Oftalmológica,Calle de San Bernardo 83,1,Madrid,0.08972536859181418
514,clinic,40.4258677,-3.7157976,Gloria Vañó,Calle de Juan Álvarez Mendizábal 36,1,Madrid,0.08972536859181418
515,clinic,40.454471,-3.6962426,Tu podólogo,NO STREET 9999,1,Madrid,0.08972536859181418
516,clinic,40.407934,-3.703684,Centro de Salud Lavapiés,Calle de los Embajadores 41,1,Madrid,0.08972536859181418
517,clinic,40.4103252,-3.7077739,Fisioescénica,Calle de la Ruda 5,1,Madrid,0.08972536859181418
518,clinic,40.4209634,-3.704637,Clínica Callao,Calle de Concepción Arenal 8,1,Madrid,0.08972536859181418
519,clinic,40.4578572,-3.7062712,Centro de Salud Villaamil,Calle de Villaamil 19,1,Madrid,0.08972536859181418
520,clinic,40.4629187,-3.7022656,Inion,Calle del Marqués de Viana 44,1,Madrid,0.08972536859181418
521,clinic,40.4295818,-3.7073977,Ecox 4D,Calle de Alberto Aguilera 3,1,Madrid,0.08972536859181418
522,clinic,40.4539943,-3.6989537,Centro Médico Infanta Mercedes,NO STREET 9999,1,Madrid,0.08972536859181418
523,clinic,40.4229131,-3.7068382,Luna,Calle de la Luna 30,1,Madrid,0.08972536859181418
524,clinic,40.4653709,-3.6935384,Centro Madrid Salud de Tetuán,Calle de las Aguileñas 1,1,Madrid,0.08972536859181418
525,clinic,40.4265059,-3.7061199,Centro de Salud Universidad,NO STREET 9999,1,Madrid,0.08972536859181418
526,clinic,40.4045364,-3.7155246,Clínica Universitaria Universidad Europea,NO STREET 9999,1,Madrid,0.08972536859181418
527,clinic,40.464309,-3.6952839,Clínica de los podólogos,Calle de Bravo Murillo 330,1,Madrid,0.08972536859181418
528,clinic,40.4119611,-3.6937885,Centro de Salud Alameda,Calle de la Alameda 5,1,Madrid,0.08972536859181418
529,clinic,40.4042944,-3.6951567,Centro de Salud Delicias,Calle de las Delicias 5,1,Madrid,0.08972536859181418
530,clinic,40.4570811,-3.6794443,Centro de Salud Potosí,NO STREET 9999,1,Madrid,0.08972536859181418
531,clinic,40.4400853,-3.6791289,Centro de Salud Príncipe de Vergara,Calle del Príncipe de Vergara 111,1,Madrid,0.08972536859181418
532,clinic,40.4285766,-3.6813351,Centro de Salud Castelló,NO STREET 9999,1,Madrid,0.08972536859181418
533,clinic,40.4389029,-3.7071603,Centro de Salud Cea Bermúdez,NO STREET 9999,1,Madrid,0.08972536859181418
534,clinic,40.4185018,-3.6779675,Centro de Salud Ibiza,Calle de Ibiza 7,1,Madrid,0.08972536859181418
535,clinic,40.4576432,-3.7136967,Centro de Salud María Auxiliadora,Calle de María Auxiliadora 3,1,Madrid,0.08972536859181418
536,clinic,40.4306159,-3.6720154,Centro de Salud Montesa,NO STREET 9999,1,Madrid,0.08972536859181418
537,clinic,40.4355626,-3.6842767,Centro de Salud Lagasca,NO STREET 9999,1,Madrid,0.08972536859181418
538,clinic,40.4635006,-3.680129,Instituto de Investigaciones del Sueño,NO STREET 9999,1,Madrid,0.08972536859181418
539,clinic,40.438936,-3.7159761,CeaSalud,Calle de Cea Bermúdez 61,1,Madrid,0.08972536859181418
540,clinic,40.4452425,-3.669899,Centro de Salud Santa Hortensia,Calle de Santa Hortensia 14,1,Madrid,0.08972536859181418
541,clinic,40.403136,-3.7019971,Centro de Salud Martín de Vargas,Calle de Martín de Vargas 15,1,Madrid,0.08972536859181418
542,clinic,40.4318688,-3.7230127,Clínica Varela Reyes,Calle de Ferraz 73,1,Madrid,0.08972536859181418
543,clinic,40.4304458,-3.7213349,Rosales,Calle de Ferraz 90,1,Madrid,0.08972536859181418
544,clinic,40.429718,-3.7209172,ClinEnc,Calle de Ferraz 51,1,Madrid,0.08972536859181418
545,clinic,40.4124121,-3.6969161,Podólogo,Calle de Moratín 21,1,Madrid,0.08972536859181418
546,clinic,40.4418027,-3.705018,Fuexpert Clinic,Plaza de Juan Zorrilla 3,1,Madrid,0.08972536859181418
547,clinic,40.4392594,-3.7063926,Kinect,Calle de Boix y Morer 4,1,Madrid,0.08972536859181418
548,clinic,40.426109,-3.7174055,Lola Sopeña,Calle de Ferraz 9,1,Madrid,0.08972536859181418
549,clinic,40.4256025,-3.7180368,Ortopedia Romeo,Paseo del Pintor Rosales 10,1,Madrid,0.08972536859181418
550,clinic,40.4258326,-3.7164099,Sonobebé,Calle de Evaristo San Miguel 19,1,Madrid,0.08972536859181418
551,clinic,40.4326037,-3.7076807,Blue Moon,Calle de Arapiles 17,1,Madrid,0.08972536859181418
552,clinic,40.4258502,-3.7121076,Fised,Calle del Duque de Liria 3,1,Madrid,0.08972536859181418
553,clinic,40.433192,-3.6997609,Podoactiva,Calle de Santa Feliciana 7,1,Madrid,0.08972536859181418
554,clinic,40.4282594,-3.7012787,Ana Ramos,Calle de Churruca 21,1,Madrid,0.08972536859181418
555,clinic,40.4252198,-3.713764,Centro de Salud Ventura Rodríguez,Calle de Ventura Rodríguez 7,1,Madrid,0.08972536859181418
556,clinic,40.4137358,-3.7199646,Arco Iris,Calle de Segovia 71,1,Madrid,0.08972536859181418
557,clinic,40.4473201,-3.7034089,CQS,Calle de los Artistas 1,1,Madrid,0.08972536859181418
558,clinic,40.4380418,-3.7142712,Centro de Salud Andrés Mellado,NO STREET 9999,1,Madrid,0.08972536859181418
559,clinic,40.422014,-3.6798717,Aver,NO STREET 9999,1,Madrid,0.08972536859181418
560,clinic,40.4078995,-3.6888767,Clínica Eugin Madrid,Calle de Alfonso XII 62,1,Madrid,0.08972536859181418
561,clinic,40.4296106,-3.7136388,Real Visión,Calle de Santa Cruz de Marcenado 31,1,Madrid,0.08972536859181418
562,clinic,40.4078826,-3.688888,Eudona Madrid,Calle de Alfonso XII 62,1,Madrid,0.08972536859181418
563,clinic,40.420659,-3.7014952,Instituto Gabriel Simón,Calle de Fuencarral 7,1,Madrid,0.08972536859181418
564,clinic,40.4325217,-3.7049464,Clínica Zurich,Calle de San Bernardo 113,1,Madrid,0.08972536859181418
565,clinic,40.4296142,-3.7049721,Ossium Center,Calle de Carranza 22,1,Madrid,0.08972536859181418
566,clinic,40.4293682,-3.7035357,Clínica Croquer,Calle de Carranza 8,1,Madrid,0.08972536859181418
567,clinic,40.4371184,-3.6930873,Centro internacional de oftalmología avanzada,Calle de Zurbano 71,1,Madrid,0.08972536859181418
568,clinic,40.4602324,-3.6855998,Clínica de Diabetes,NO STREET 9999,1,Madrid,0.08972536859181418
569,clinic,40.420426,-3.6973478,NO NAME,NO STREET 9999,1,Madrid,0.08972536859181418
570,clinic,40.4659591,-3.7196017,Clínica de fisioterapia,NO STREET 9999,1,Madrid,0.08972536859181418
571,clinic,40.4559598,-3.6758832,The Beauty Concept,Calle de Chile 9999,1,Madrid,0.08972536859181418
572,clinic,40.4440471,-3.6962407,Psiconueve,Calle de María de Guzmán 61,1,Madrid,0.08972536859181418
573,clinic,40.4433047,-3.7158665,Clínica Nuevo Parque,NO STREET 9999,1,Madrid,0.08972536859181418
574,clinic,40.4458403,-3.7163073,Urgencias Clínica Santa Elena,NO STREET 9999,1,Madrid,0.08972536859181418
575,clinic,40.408436,-3.677954,Clínica Oftalmológica Martínez de la Casa Matilla,Avenida de Menéndez Pelayo 89,1,Madrid,0.08972536859181418
576,clinic,40.4376164,-3.6856058,Instituto de Urología,Calle de María de Molina 22,1,Madrid,0.08972536859181418
577,clinic,40.4594132,-3.6769735,NO NAME,Calle del Príncipe de Vergara 287,1,Madrid,0.08972536859181418
578,clinic,40.4334797,-3.7063989,Policlínico HM Arapiles,NO STREET 9999,1,Madrid,0.08972536859181418
579,clinic,40.4457618,-3.6710199,Cellosa Madrid,Calle Antonio Zapata 3,1,Madrid,0.08972536859181418
580,clinic,40.4279779,-3.6724512,Policlínica Meprysa,Calle de Montesa 15,1,Madrid,0.08972536859181418
581,clinic,40.4278048,-3.6824523,Centro médico Nuñez de Balboa,Calle de Núñez de Balboa 48,1,Madrid,0.08972536859181418
582,clinic,40.4352379,-3.7180596,Sanitas,NO STREET 9999,1,Madrid,0.08972536859181418
583,clinic,40.4332822,-3.6832523,Clínica Estética Dorsia,NO STREET 9999,1,Madrid,0.08972536859181418
584,clinic,40.4571267,-3.7163606,Clínica Isadora,Calle de los Pirineos 7,1,Madrid,0.08972536859181418
585,clinic,40.4328451,-3.6802349,Clínica Arpa Médica,NO STREET 9999,1,Madrid,0.08972536859181418
586,clinic,40.4496271,-3.6859976,"Clínica Arpa Médica, Dr Palomo",NO STREET 9999,1,Madrid,0.08972536859181418
